{"2": {"rect": {"x": 260.0, "y": 88.0, "width": 365.0, "height": 746.0}}, "3": {"rect": {"x": 260.0, "y": 148.0, "width": 362.0, "height": 684.0}}, "4": {"rect": {"x": 353.5, "y": 203.0, "width": 175.0, "height": 175.0}}, "5": {"rect": {"x": 353.5, "y": 203.0, "width": 175.0, "height": 175.0}}, "6": {"rect": {"x": 0.0, "y": 88.0, "width": 0.0, "height": 0.0}}, "7": {"rect": {"x": 0.0, "y": 88.0, "width": 0.0, "height": 0.0}}, "8": {"rect": {"x": 321.48333740234375, "y": 378.0, "width": 239.01666259765625, "height": 55.0}}, "9": {"rect": {"x": 336.48333740234375, "y": 393.0, "width": 209.01666259765625, "height": 40.0}, "font": "", "color": "rgb(255, 255, 255)"}, "10": {"rect": {"x": 360.76666259765625, "y": 440.0, "width": 160.4666748046875, "height": 11.0}}, "11": {"rect": {"x": 360.76666259765625, "y": 440.0, "width": 160.4666748046875, "height": 11.0}, "font": "", "color": "rgb(255, 255, 255)"}, "12": {"rect": {"x": 396.0, "y": 491.0, "width": 90.0, "height": 1.0}}, "13": {"rect": {"x": 326.0, "y": 532.0, "width": 230.0, "height": 42.0}}, "14": {"rect": {"x": 326.0, "y": 532.0, "width": 77.21665954589844, "height": 42.0}}, "15": {"rect": {"x": 326.0, "y": 532.0, "width": 77.21665954589844, "height": 23.0}, "font": "", "color": "rgb(255, 255, 255)"}, "16": {"rect": {"x": 326.0, "y": 563.0, "width": 77.21665954589844, "height": 11.0}, "font": "", "color": "rgb(255, 255, 255)"}, "17": {"rect": {"x": 403.2166748046875, "y": 532.0, "width": 77.13334655761719, "height": 42.0}}, "18": {"rect": {"x": 403.2166748046875, "y": 532.0, "width": 77.13334655761719, "height": 23.0}, "font": "", "color": "rgb(255, 255, 255)"}, "19": {"rect": {"x": 403.2166748046875, "y": 563.0, "width": 77.13334655761719, "height": 11.0}, "font": "", "color": "rgb(255, 255, 255)"}, "20": {"rect": {"x": 480.3500061035156, "y": 532.0, "width": 75.64999389648438, "height": 42.0}}, "21": {"rect": {"x": 480.3500061035156, "y": 532.0, "width": 75.64999389648438, "height": 23.0}, "font": "", "color": "rgb(255, 255, 255)"}, "22": {"rect": {"x": 480.3500061035156, "y": 563.0, "width": 75.64999389648438, "height": 11.0}, "font": "", "color": "rgb(255, 255, 255)"}, "23": {"rect": {"x": 354.5, "y": 717.0, "width": 173.0, "height": 55.0}}, "24": {"rect": {"x": 431.0, "y": 736.5, "width": 16.0, "height": 16.0}}, "25": {"rect": {"x": 451.0, "y": 744.5, "width": 0.0, "height": 0.0}}}