{"2": {"rect": {"height": 393, "width": 1212, "x": 143.60000610351562, "y": 4620.124816894531}}, "3": {"rect": {"height": 369, "width": 220, "x": 143.60000610351562, "y": 4620.124816894531}}, "4": {"rect": {"height": 70, "width": 188, "x": 159.60000610351562, "y": 4636.124816894531}}, "5": {"rect": {"height": 22, "width": 106, "x": 200.4250030517578, "y": 4636.124816894531}, "font": "600 12px / 21px Montserrat, sans-serif", "color": "rgba(80, 80, 80, 1)"}, "6": {"rect": {"height": 24, "width": 100, "x": 203.77500915527344, "y": 4666.124816894531}, "font": "800 18px / 24px Montserrat, sans-serif", "color": "rgba(0, 0, 0, 1)"}, "7": {"rect": {"height": 198, "width": 188, "x": 159.60000610351562, "y": 4722.124816894531}}, "8": {"rect": {"height": 38, "width": 188, "x": 159.60000610351562, "y": 4722.124816894531}}, "9": {"rect": {"height": 38, "width": 188, "x": 159.60000610351562, "y": 4722.124816894531}}, "10": {"rect": {"height": 38, "width": 188, "x": 159.60000610351562, "y": 4722.124816894531}}, "11": {"rect": {"height": 16, "width": 58, "x": 224.22500610351562, "y": 4722.124816894531}, "font": "600 14px / 16px Montserrat, sans-serif", "color": "rgba(0, 0, 0, 1)"}, "12": {"rect": {"height": 18, "width": 170, "x": 168.60000610351562, "y": 4742.124816894531}}, "13": {"rect": {"height": 18, "width": 162, "x": 168.60000610351562, "y": 4742.124816894531}, "font": "14px / 18px \"Open Sans\", sans-serif, Tahoma, Arial", "color": "rgba(80, 80, 80, 1)"}, "14": {"rect": {"height": 38, "width": 188, "x": 159.60000610351562, "y": 4775.724822998047}}, "15": {"rect": {"height": 38, "width": 188, "x": 159.60000610351562, "y": 4775.724822998047}}, "16": {"rect": {"height": 38, "width": 188, "x": 159.60000610351562, "y": 4775.724822998047}}, "17": {"rect": {"height": 16, "width": 10, "x": 248.58750915527344, "y": 4775.724822998047}, "font": "600 14px / 16px Montserrat, sans-serif", "color": "rgba(0, 0, 0, 1)"}, "18": {"rect": {"height": 18, "width": 57, "x": 225.5625, "y": 4795.724822998047}}, "19": {"rect": {"height": 18, "width": 48, "x": 225.5625, "y": 4795.724822998047}, "font": "14px / 18px \"Open Sans\", sans-serif, Tahoma, Arial", "color": "rgba(80, 80, 80, 1)"}, "20": {"rect": {"height": 38, "width": 188, "x": 159.60000610351562, "y": 4829.3248291015625}}, "21": {"rect": {"height": 38, "width": 188, "x": 159.60000610351562, "y": 4829.3248291015625}}, "22": {"rect": {"height": 38, "width": 188, "x": 159.60000610351562, "y": 4829.3248291015625}}, "23": {"rect": {"height": 16, "width": 129, "x": 188.9250030517578, "y": 4829.3248291015625}, "font": "600 14px / 16px Montserrat, sans-serif", "color": "rgba(0, 0, 0, 1)"}, "24": {"rect": {"height": 18, "width": 89, "x": 209.3249969482422, "y": 4849.3248291015625}}, "25": {"rect": {"height": 18, "width": 81, "x": 209.3249969482422, "y": 4849.3248291015625}, "font": "14px / 18px \"Open Sans\", sans-serif, Tahoma, Arial", "color": "rgba(80, 80, 80, 1)"}, "26": {"rect": {"height": 38, "width": 188, "x": 159.60000610351562, "y": 4882.9248046875}}, "27": {"rect": {"height": 38, "width": 188, "x": 159.60000610351562, "y": 4882.9248046875}}, "28": {"rect": {"height": 38, "width": 188, "x": 159.60000610351562, "y": 4882.9248046875}}, "29": {"rect": {"height": 16, "width": 186, "x": 160.72500610351562, "y": 4882.9248046875}, "font": "600 14px / 16px Montserrat, sans-serif", "color": "rgba(0, 0, 0, 1)"}, "30": {"rect": {"height": 18, "width": 52, "x": 227.5749969482422, "y": 4902.9248046875}}, "31": {"rect": {"height": 18, "width": 44, "x": 227.5749969482422, "y": 4902.9248046875}, "font": "14px / 18px \"Open Sans\", sans-serif, Tahoma, Arial", "color": "rgba(80, 80, 80, 1)"}, "32": {"rect": {"height": 36, "width": 188, "x": 159.60000610351562, "y": 4936.524841308594}}, "33": {"rect": {"height": 36, "width": 125, "x": 191.02500915527344, "y": 4936.524841308594}}, "34": {"rect": {"height": 32, "width": 121, "x": 193.02500915527344, "y": 4938.524841308594}, "font": "600 18px / 24px Montserrat, sans-serif", "color": "rgba(5, 121, 199, 1)"}, "35": {"rect": {"height": 369, "width": 220, "x": 379.6000061035156, "y": 4620.124816894531}}, "36": {"rect": {"height": 54, "width": 188, "x": 395.6000061035156, "y": 4636.124816894531}}, "37": {"rect": {"height": 24, "width": 44, "x": 467.2749938964844, "y": 4666.124816894531}, "font": "800 18px / 24px Montserrat, sans-serif", "color": "rgba(0, 0, 0, 1)"}, "38": {"rect": {"height": 214, "width": 188, "x": 395.6000061035156, "y": 4706.124816894531}}, "39": {"rect": {"height": 38, "width": 188, "x": 395.6000061035156, "y": 4706.124816894531}}, "40": {"rect": {"height": 38, "width": 188, "x": 395.6000061035156, "y": 4706.124816894531}}, "41": {"rect": {"height": 38, "width": 188, "x": 395.6000061035156, "y": 4706.124816894531}}, "42": {"rect": {"height": 16, "width": 55, "x": 461.76251220703125, "y": 4706.124816894531}, "font": "600 14px / 16px Montserrat, sans-serif", "color": "rgba(0, 0, 0, 1)"}, "43": {"rect": {"height": 18, "width": 170, "x": 404.6000061035156, "y": 4726.124816894531}}, "44": {"rect": {"height": 18, "width": 162, "x": 404.6000061035156, "y": 4726.124816894531}, "font": "14px / 18px \"Open Sans\", sans-serif, Tahoma, Arial", "color": "rgba(80, 80, 80, 1)"}, "45": {"rect": {"height": 38, "width": 188, "x": 395.6000061035156, "y": 4759.724822998047}}, "46": {"rect": {"height": 38, "width": 188, "x": 395.6000061035156, "y": 4759.724822998047}}, "47": {"rect": {"height": 38, "width": 188, "x": 395.6000061035156, "y": 4759.724822998047}}, "48": {"rect": {"height": 16, "width": 10, "x": 484.5874938964844, "y": 4759.724822998047}, "font": "600 14px / 16px Montserrat, sans-serif", "color": "rgba(0, 0, 0, 1)"}, "49": {"rect": {"height": 18, "width": 57, "x": 461.5625, "y": 4779.724822998047}}, "50": {"rect": {"height": 18, "width": 48, "x": 461.5625, "y": 4779.724822998047}, "font": "14px / 18px \"Open Sans\", sans-serif, Tahoma, Arial", "color": "rgba(80, 80, 80, 1)"}, "51": {"rect": {"height": 38, "width": 188, "x": 395.6000061035156, "y": 4813.3248291015625}}, "52": {"rect": {"height": 38, "width": 188, "x": 395.6000061035156, "y": 4813.3248291015625}}, "53": {"rect": {"height": 38, "width": 188, "x": 395.6000061035156, "y": 4813.3248291015625}}, "54": {"rect": {"height": 16, "width": 129, "x": 425.1750183105469, "y": 4813.3248291015625}, "font": "600 14px / 16px Montserrat, sans-serif", "color": "rgba(0, 0, 0, 1)"}, "55": {"rect": {"height": 18, "width": 89, "x": 445.32501220703125, "y": 4833.3248291015625}}, "56": {"rect": {"height": 18, "width": 81, "x": 445.32501220703125, "y": 4833.3248291015625}, "font": "14px / 18px \"Open Sans\", sans-serif, Tahoma, Arial", "color": "rgba(80, 80, 80, 1)"}, "57": {"rect": {"height": 54, "width": 188, "x": 395.6000061035156, "y": 4866.9248046875}}, "58": {"rect": {"height": 54, "width": 188, "x": 395.6000061035156, "y": 4866.9248046875}}, "59": {"rect": {"height": 54, "width": 188, "x": 395.6000061035156, "y": 4866.9248046875}}, "60": {"rect": {"height": 32, "width": 188, "x": 395.6000061035156, "y": 4866.9248046875}, "font": "600 14px / 16px Montserrat, sans-serif", "color": "rgba(0, 0, 0, 1)"}, "61": {"rect": {"height": 18, "width": 52, "x": 463.57501220703125, "y": 4902.9248046875}}, "62": {"rect": {"height": 18, "width": 44, "x": 463.57501220703125, "y": 4902.9248046875}, "font": "14px / 18px \"Open Sans\", sans-serif, Tahoma, Arial", "color": "rgba(80, 80, 80, 1)"}, "63": {"rect": {"height": 36, "width": 188, "x": 395.6000061035156, "y": 4936.524841308594}}, "64": {"rect": {"height": 36, "width": 125, "x": 427.0249938964844, "y": 4936.524841308594}}, "65": {"rect": {"height": 32, "width": 121, "x": 429.0249938964844, "y": 4938.524841308594}, "font": "600 18px / 24px Montserrat, sans-serif", "color": "rgba(5, 121, 199, 1)"}, "66": {"rect": {"height": 369, "width": 220, "x": 615.6000366210938, "y": 4620.124816894531}}, "67": {"rect": {"height": 54, "width": 188, "x": 631.6000366210938, "y": 4636.124816894531}},